{
  "accuracy": 0.9586,
  "checkpoint": "results/checkpoints/champion_w4_stageB_best_val.pt",
  "classwise_accuracy": {
    "airplane": 0.956,
    "automobile": 0.976,
    "bird": 0.924,
    "cat": 0.906,
    "deer": 0.972,
    "dog": 0.924,
    "frog": 0.972,
    "horse": 0.98,
    "ship": 0.988,
    "truck": 0.988
  },
  "classwise_accuracy_figure": "results/figures/classwise_accuracy_val_dev.png",
  "confusion_matrix": [
    [
      478,
      1,
      7,
      0,
      0,
      0,
      1,
      0,
      11,
      2
    ],
    [
      2,
      488,
      0,
      0,
      0,
      0,
      0,
      0,
      2,
      8
    ],
    [
      17,
      0,
      462,
      5,
      8,
      5,
      2,
      0,
      0,
      1
    ],
    [
      2,
      0,
      4,
      453,
      4,
      30,
      5,
      1,
      1,
      0
    ],
    [
      0,
      0,
      3,
      2,
      486,
      4,
      0,
      5,
      0,
      0
    ],
    [
      1,
      0,
      0,
      29,
      1,
      462,
      2,
      5,
      0,
      0
    ],
    [
      2,
      0,
      7,
      2,
      2,
      1,
      486,
      0,
      0,
      0
    ],
    [
      1,
      0,
      0,
      0,
      5,
      4,
      0,
      490,
      0,
      0
    ],
    [
      3,
      0,
      0,
      0,
      0,
      1,
      0,
      0,
      494,
      2
    ],
    [
      0,
      4,
      0,
      0,
      0,
      0,
      0,
      1,
      1,
      494
    ]
  ],
  "confusion_matrix_figure": "results/figures/confusion_matrix_val_dev.png",
  "error": 0.04139999999999999,
  "evaluated_after_lock": false,
  "horizontal_flip_tta": false,
  "inference_time_per_batch": 0.009971490045427345,
  "loss_standard_ce": 0.1484634712457657,
  "num_examples": 5000,
  "official_final_eval": false,
  "parameter_count": 5849050,
  "selected_weights": "raw",
  "selection_metric": "validation accuracy",
  "split": "val",
  "val_accuracy": 0.9586,
  "val_error": 0.04139999999999999,
  "val_loss_standard_ce": 0.1484634712457657
}