{
  "accuracy": 0.9616,
  "checkpoint": "results/checkpoints/champion_w6_stageB_best_val.pt",
  "classwise_accuracy": {
    "airplane": 0.964,
    "automobile": 0.978,
    "bird": 0.928,
    "cat": 0.912,
    "deer": 0.97,
    "dog": 0.934,
    "frog": 0.976,
    "horse": 0.982,
    "ship": 0.99,
    "truck": 0.982
  },
  "classwise_accuracy_figure": "results/figures/classwise_accuracy_val_dev.png",
  "confusion_matrix": [
    [
      482,
      0,
      4,
      1,
      0,
      2,
      1,
      0,
      9,
      1
    ],
    [
      0,
      489,
      1,
      0,
      0,
      0,
      0,
      0,
      3,
      7
    ],
    [
      15,
      0,
      464,
      7,
      6,
      4,
      2,
      2,
      0,
      0
    ],
    [
      1,
      0,
      3,
      456,
      3,
      31,
      2,
      2,
      2,
      0
    ],
    [
      0,
      0,
      2,
      3,
      485,
      3,
      3,
      4,
      0,
      0
    ],
    [
      0,
      0,
      3,
      25,
      1,
      467,
      3,
      1,
      0,
      0
    ],
    [
      2,
      0,
      3,
      2,
      2,
      3,
      488,
      0,
      0,
      0
    ],
    [
      1,
      0,
      0,
      0,
      6,
      2,
      0,
      491,
      0,
      0
    ],
    [
      3,
      0,
      0,
      0,
      0,
      1,
      0,
      0,
      495,
      1
    ],
    [
      2,
      5,
      0,
      1,
      0,
      0,
      0,
      0,
      1,
      491
    ]
  ],
  "confusion_matrix_figure": "results/figures/confusion_matrix_val_dev.png",
  "error": 0.03839999999999999,
  "evaluated_after_lock": false,
  "horizontal_flip_tta": false,
  "inference_time_per_batch": 0.01743155839794781,
  "loss_standard_ce": 0.14001413259506226,
  "num_examples": 5000,
  "official_final_eval": false,
  "parameter_count": 13144794,
  "selected_weights": "raw",
  "selection_metric": "validation accuracy",
  "split": "val",
  "val_accuracy": 0.9616,
  "val_error": 0.03839999999999999,
  "val_loss_standard_ce": 0.14001413259506226
}